id,first_name,last_name
1,Chelsy,Anselmi
2,Nadya,Etherington
3,Rock,Shearwood
4,Prentiss,Latta
5,Morgen,De Hooch
6,Travus,Goaks
7,Edeline,Loisi
8,Kristoffer,Hodge
9,Parnell,Marlow
10,Mordy,Ciepluch
11,Roderigo,Heinle
12,Leighton,D'Alesio
13,Kennie,Beneix
14,Ansell,Tettley
15,Rikki,Arington
16,Fern,Chatfield
17,Alison,Boddy
18,Korrie,Tague
19,Marnie,De Mattia
20,Sallyanne,Bielfeldt
21,Freddy,Ubsdell
22,Jere,Cowins
23,Chevalier,Hurche
24,Kandy,Langton
25,Emmalynne,Maisey
26,Octavius,Weekley
27,Gwen,Willmont
28,Cleo,Bosquet
29,Minor,Goulborn
30,Avery,Creser
31,Margalit,Labat
32,Royce,Kedward
33,Dwain,Brixey
34,Brent,Leveritt
35,Sampson,Parks
36,Kittie,Solway
37,Corabel,Hechlin
38,Emogene,Monelli
39,Erda,Davitti
40,Roxana,Mayoh
41,Lesya,Robuchon
42,Gunar,Andresen
43,Hamilton,Lowndes
44,Toby,Jansson
45,Mona,Komorowski
46,Faith,Spurling
47,Merna,Lerego
48,Denyse,Scneider
49,Hugo,Axel
50,Allis,Ashlee
51,Durant,Knowler
52,Antons,Staddom
53,Chester,Mitchinson
54,Arleen,Barnish
55,Davina,Chadwin
56,Andi,Papis
57,Jeri,Pennicard
58,Brade,Lamborn
59,Danita,Sarten
60,Carrissa,Lightwing
61,Marys,Robard
62,Koral,Danes
63,Orran,Goudie
64,Octavia,Dunphy
65,Tillie,Farragher
66,Gottfried,Lilburn
67,Craggy,Duetschens
68,Marcy,Yeowell
69,Cecilius,Bazley
70,Flossie,Wevell
71,Ilene,Disdel
72,James,Watters
73,Archy,Carolan
74,Hestia,Davioud
75,Hilary,Danbrook
76,Florentia,Gilleon
77,Nicoline,Hardison
78,Vannie,Tinton
79,Adda,Gaze
80,Maybelle,Martignon
81,Cacilie,Pfaffe
82,Junia,Ponsford
83,Brion,Sharville
84,Elsinore,Schulze
85,Sasha,Harcombe
86,Constanta,Edwinson
87,Clarine,Curds
88,Nani,Tolman
89,Ailbert,Meddows
90,Casar,Benardet
91,Marie-jeanne,Whiteside
92,Randie,Schrader
93,Piper,Cahen
94,Franni,Volant
95,Hayes,Beert
96,Corrianne,Dumphy
97,Gery,Plaide
98,Donetta,Maybery
YY,Read,Anthes
100,Chelsea,Icom
